{
    "train": {
        "accuracy": 0.8714342313787639,
        "precision_weighted": 0.8703059258449235,
        "recall_weighted": 0.8714342313787639,
        "f1_weighted": 0.8702182121139242
    },
    "test": {
        "accuracy": 0.8548387096774194,
        "precision_weighted": 0.9063207056463765,
        "recall_weighted": 0.8548387096774194,
        "f1_weighted": 0.8779167521935755,
        "roc_auc": {
            "per_class": {
                "0": 0.9646656221654162,
                "1": 0.9923398878622759,
                "2": 0.9656762295081968,
                "3": 0.938890377914768,
                "4": 0.9489733765595835,
                "5": 0.7763747454175153,
                "6": NaN,
                "7": 1.0
            },
            "macro": NaN,
            "micro": 0.9773348074921956
        }
    }
}