{"0": {"fpr": [0.0, 0.0, 0.0, 0.0027624309392265192, 0.0027624309392265192, 0.0055248618784530384, 0.0055248618784530384, 0.008287292817679558, 0.008287292817679558, 0.011049723756906077, 0.011049723756906077, 0.016574585635359115, 0.016574585635359115, 0.022099447513812154, 0.022099447513812154, 0.027624309392265192, 0.027624309392265192, 0.03314917127071823, 0.03867403314917127, 0.04419889502762431, 0.04419889502762431, 0.09116022099447514, 0.09116022099447514, 0.494475138121547, 0.5, 0.5524861878453039, 0.5607734806629834, 0.6933701657458563, 0.7016574585635359, 0.7071823204419889, 0.712707182320442, 0.7707182320441989, 0.7845303867403315, 0.7928176795580111, 0.7983425414364641, 0.8011049723756906, 0.8093922651933702, 0.8232044198895028, 0.8287292817679558, 0.8480662983425414, 0.8535911602209945, 0.8729281767955801, 0.8839779005524862, 0.8895027624309392, 0.914364640883978, 0.9226519337016574, 0.925414364640884, 0.93646408839779, 0.9530386740331491, 0.9558011049723757, 1.0], "tpr": [0.0, 0.007462686567164179, 0.7686567164179104, 0.7686567164179104, 0.8134328358208955, 0.8134328358208955, 0.8582089552238806, 0.8582089552238806, 0.9104477611940298, 0.9104477611940298, 0.9253731343283582, 0.9253731343283582, 0.9626865671641791, 0.9626865671641791, 0.9701492537313433, 0.9701492537313433, 0.9776119402985075, 0.9776119402985075, 0.9776119402985075, 0.9776119402985075, 0.9925373134328358, 0.9925373134328358, 1.0, 1.0, 1.0, 1.0, 1.0, 1.0, 1.0, 1.0, 1.0, 1.0, 1.0, 1.0, 1.0, 1.0, 1.0, 1.0, 1.0, 1.0, 1.0, 1.0, 1.0, 1.0, 1.0, 1.0, 1.0, 1.0, 1.0, 1.0, 1.0], "auc": 0.9967015749979384}, "1": {"fpr": [0.0, 0.0, 0.0, 0.0021321961620469083, 0.0021321961620469083, 0.008528784648187633, 0.01279317697228145, 0.019189765458422176, 0.019189765458422176, 0.03837953091684435, 0.046908315565031986, 0.0511727078891258, 0.057569296375266525, 0.06183368869936034, 0.07036247334754797, 0.07249466950959488, 0.08315565031982942, 0.08742004264392324, 0.09594882729211088, 0.1023454157782516, 0.11300639658848614, 0.11300639658848614, 0.11513859275053305, 0.1300639658848614, 0.13219616204690832, 0.1513859275053305, 0.15565031982942432, 0.16844349680170576, 0.20042643923240938, 0.2046908315565032, 0.2537313432835821, 0.2601279317697228, 0.37100213219616207, 0.373134328358209, 0.3816631130063966, 0.3859275053304904, 0.39232409381663114, 1.0], "tpr": [0.0, 0.037037037037037035, 0.8888888888888888, 0.8888888888888888, 0.9259259259259259, 0.9259259259259259, 0.9259259259259259, 0.9259259259259259, 0.9629629629629629, 0.9629629629629629, 0.9629629629629629, 0.9629629629629629, 0.9629629629629629, 0.9629629629629629, 0.9629629629629629, 0.9629629629629629, 0.9629629629629629, 0.9629629629629629, 0.9629629629629629, 0.9629629629629629, 0.9629629629629629, 1.0, 1.0, 1.0, 1.0, 1.0, 1.0, 1.0, 1.0, 1.0, 1.0, 1.0, 1.0, 1.0, 1.0, 1.0, 1.0, 1.0], "auc": 0.9950248756218906}, "2": {"fpr": [0.0, 0.0, 0.0, 0.0, 0.004098360655737705, 0.012295081967213115, 0.014344262295081968, 0.018442622950819672, 0.020491803278688523, 0.020491803278688523, 0.028688524590163935, 0.0389344262295082, 0.045081967213114756, 0.04918032786885246, 0.05737704918032787, 0.06967213114754098, 0.10040983606557377, 0.18237704918032788, 1.0], "tpr": [0.0, 0.125, 0.375, 0.5, 0.5, 0.5, 0.5, 0.5, 0.5, 0.625, 0.625, 0.625, 0.625, 0.625, 0.625, 0.75, 0.875, 0.875, 1.0], "auc": 0.904969262295082}, "3": {"fpr": [0.0, 0.0, 0.0, 0.0, 0.0, 0.0, 0.0, 0.004395604395604396, 0.004395604395604396, 0.05054945054945055, 0.05054945054945055, 0.05274725274725275, 0.05274725274725275, 0.0989010989010989, 0.10329670329670329, 0.12527472527472527, 0.12967032967032968, 0.14505494505494507, 0.14945054945054945, 0.15384615384615385, 0.15384615384615385, 0.15824175824175823, 0.16263736263736264, 0.1978021978021978, 0.20659340659340658, 0.2153846153846154, 0.21978021978021978, 0.22197802197802197, 0.22637362637362637, 0.23296703296703297, 0.23736263736263735, 0.24175824175824176, 0.26373626373626374, 0.2945054945054945, 0.2989010989010989, 0.2989010989010989, 0.3054945054945055, 0.3120879120879121, 0.31648351648351647, 0.3252747252747253, 0.33186813186813185, 0.34065934065934067, 0.37142857142857144, 0.3934065934065934, 0.4, 0.4043956043956044, 0.41318681318681316, 0.4153846153846154, 0.421978021978022, 0.42637362637362636, 0.432967032967033, 0.4351648351648352, 0.43956043956043955, 0.44175824175824174, 0.45274725274725275, 0.4593406593406593, 0.46373626373626375, 0.4703296703296703, 0.5692307692307692, 0.5736263736263736, 0.578021978021978, 0.5824175824175825, 0.6065934065934065, 0.6153846153846154, 0.6175824175824176, 0.6351648351648351, 0.6395604395604395, 0.6505494505494506, 0.6593406593406593, 0.6659340659340659, 1.0], "tpr": [0.0, 0.024390243902439025, 0.0975609756097561, 0.14634146341463414, 0.24390243902439024, 0.2926829268292683, 0.8536585365853658, 0.8536585365853658, 0.8780487804878049, 0.8780487804878049, 0.9024390243902439, 0.9024390243902439, 0.926829268292683, 0.926829268292683, 0.926829268292683, 0.926829268292683, 0.926829268292683, 0.926829268292683, 0.926829268292683, 0.926829268292683, 0.9512195121951219, 0.9512195121951219, 0.9512195121951219, 0.9512195121951219, 0.9512195121951219, 0.9512195121951219, 0.9512195121951219, 0.9512195121951219, 0.9512195121951219, 0.9512195121951219, 0.9512195121951219, 0.9512195121951219, 0.9512195121951219, 0.975609756097561, 0.975609756097561, 1.0, 1.0, 1.0, 1.0, 1.0, 1.0, 1.0, 1.0, 1.0, 1.0, 1.0, 1.0, 1.0, 1.0, 1.0, 1.0, 1.0, 1.0, 1.0, 1.0, 1.0, 1.0, 1.0, 1.0, 1.0, 1.0, 1.0, 1.0, 1.0, 1.0, 1.0, 1.0, 1.0, 1.0, 1.0, 1.0], "auc": 0.9795229161082819}, "4": {"fpr": [0.0, 0.0, 0.0, 0.002849002849002849, 0.002849002849002849, 0.008547008547008548, 0.008547008547008548, 0.014245014245014245, 0.014245014245014245, 0.017094017094017096, 0.017094017094017096, 0.03418803418803419, 0.03418803418803419, 0.32193732193732194, 0.32193732193732194, 0.39886039886039887, 0.4074074074074074, 0.4757834757834758, 0.48148148148148145, 0.5698005698005698, 0.5754985754985755, 0.717948717948718, 0.7236467236467237, 0.7407407407407407, 0.7521367521367521, 0.8091168091168092, 0.8148148148148148, 0.8319088319088319, 0.8376068376068376, 0.8603988603988604, 0.8660968660968661, 0.886039886039886, 0.8945868945868946, 0.8974358974358975, 0.9116809116809117, 0.9145299145299145, 0.9202279202279202, 0.9316239316239316, 0.9401709401709402, 0.9572649572649573, 0.9658119658119658, 0.9686609686609686, 0.9743589743589743, 0.9772079772079773, 0.9857549857549858, 1.0], "tpr": [0.0, 0.006896551724137931, 0.8482758620689655, 0.8482758620689655, 0.9586206896551724, 0.9586206896551724, 0.9655172413793104, 0.9655172413793104, 0.9793103448275862, 0.9793103448275862, 0.9862068965517241, 0.9862068965517241, 0.993103448275862, 0.993103448275862, 1.0, 1.0, 1.0, 1.0, 1.0, 1.0, 1.0, 1.0, 1.0, 1.0, 1.0, 1.0, 1.0, 1.0, 1.0, 1.0, 1.0, 1.0, 1.0, 1.0, 1.0, 1.0, 1.0, 1.0, 1.0, 1.0, 1.0, 1.0, 1.0, 1.0, 1.0, 1.0], "auc": 0.9968562727183417}, "5": {"fpr": [0.0, 0.002036659877800407, 0.004073319755600814, 0.004073319755600814, 0.010183299389002037, 0.012219959266802444, 0.016293279022403257, 0.018329938900203666, 0.024439918533604887, 0.026476578411405296, 0.03665987780040733, 0.04276985743380855, 0.059063136456211814, 0.07331975560081466, 0.07535641547861507, 0.09979633401221996, 0.12830957230142567, 0.16089613034623218, 0.21792260692464357, 0.36863543788187375, 1.0], "tpr": [0.0, 0.2, 0.2, 0.6, 0.6, 0.8, 0.8, 0.8, 1.0, 1.0, 1.0, 1.0, 1.0, 1.0, 1.0, 1.0, 1.0, 1.0, 1.0, 1.0, 1.0], "auc": 0.9916496945010184}, "6": {"fpr": [0.0, 0.0020161290322580645, 0.014112903225806451, 0.028225806451612902, 1.0], "tpr": [NaN, NaN, NaN, NaN, NaN], "auc": NaN},